<annotation>
	<folder>cardboard</folder>
	<filename>cardboard150.jpg</filename>
	<path>D:\Octav\trashNet\data\cardboard\cardboard150.jpg</path>
	<source>
		<database>Unknown</database>
	</source>
	<size>
		<width>512</width>
		<height>384</height>
		<depth>3</depth>
	</size>
	<segmented>0</segmented>
	<object>
		<name>cardboard</name>
		<pose>Unspecified</pose>
		<truncated>0</truncated>
		<difficult>0</difficult>
		<bndbox>
			<xmin>148</xmin>
			<ymin>158</ymin>
			<xmax>373</xmax>
			<ymax>317</ymax>
		</bndbox>
	</object>
</annotation>
