<annotation>
	<folder>cardboard</folder>
	<filename>cardboard15.jpg</filename>
	<path>D:\Octav\trashNet\data\cardboard\cardboard15.jpg</path>
	<source>
		<database>Unknown</database>
	</source>
	<size>
		<width>512</width>
		<height>384</height>
		<depth>3</depth>
	</size>
	<segmented>0</segmented>
	<object>
		<name>cardboard</name>
		<pose>Unspecified</pose>
		<truncated>1</truncated>
		<difficult>0</difficult>
		<bndbox>
			<xmin>1</xmin>
			<ymin>2</ymin>
			<xmax>284</xmax>
			<ymax>380</ymax>
		</bndbox>
	</object>
	<object>
		<name>cardboard</name>
		<pose>Unspecified</pose>
		<truncated>0</truncated>
		<difficult>0</difficult>
		<bndbox>
			<xmin>286</xmin>
			<ymin>209</ymin>
			<xmax>509</xmax>
			<ymax>379</ymax>
		</bndbox>
	</object>
</annotation>
