<annotation>
	<folder>cardboard</folder>
	<filename>cardboard134.jpg</filename>
	<path>D:\Octav\trashNet\data\cardboard\cardboard134.jpg</path>
	<source>
		<database>Unknown</database>
	</source>
	<size>
		<width>512</width>
		<height>384</height>
		<depth>3</depth>
	</size>
	<segmented>0</segmented>
	<object>
		<name>cardboard</name>
		<pose>Unspecified</pose>
		<truncated>0</truncated>
		<difficult>0</difficult>
		<bndbox>
			<xmin>102</xmin>
			<ymin>49</ymin>
			<xmax>349</xmax>
			<ymax>338</ymax>
		</bndbox>
	</object>
</annotation>
